-- phpMyAdmin SQL Dump
-- version 4.0.10.19
-- https://www.phpmyadmin.net
--
-- Хост: localhost
-- Время создания: Июн 08 2017 г., 23:15
-- Версия сервера: 5.6.35-81.0
-- Версия PHP: 5.3.28

SET SQL_MODE = "NO_AUTO_VALUE_ON_ZERO";
SET time_zone = "+00:00";


/*!40101 SET @OLD_CHARACTER_SET_CLIENT=@@CHARACTER_SET_CLIENT */;
/*!40101 SET @OLD_CHARACTER_SET_RESULTS=@@CHARACTER_SET_RESULTS */;
/*!40101 SET @OLD_COLLATION_CONNECTION=@@COLLATION_CONNECTION */;
/*!40101 SET NAMES utf8 */;

--
-- База данных: `u0353240_default`
--

-- --------------------------------------------------------

--
-- Структура таблицы `category`
--

CREATE TABLE IF NOT EXISTS `category` (
  `id_category` int(11) NOT NULL AUTO_INCREMENT,
  `name` char(30) NOT NULL,
  `desc` text,
  PRIMARY KEY (`id_category`),
  UNIQUE KEY `id_category_2` (`id_category`),
  KEY `id_category` (`id_category`),
  KEY `id_category_3` (`id_category`)
) ENGINE=InnoDB  DEFAULT CHARSET=cp1251 AUTO_INCREMENT=10 ;

--
-- Дамп данных таблицы `category`
--

INSERT INTO `category` (`id_category`, `name`, `desc`) VALUES
(1, 'Электроника и связь', 'Категория &quot;Электроника и связь&quot; включает в себя набор компонентов для работы с электроникой и оборудованием для связи.'),
(2, 'Электротехника', 'Категория &quot;Электротехника&quot; включает в себя набор компонентов для работы с электротехническим оборудованием.'),
(3, 'Крепёж и метизы', 'Категория &quot;Крепёж и метизы&quot; включает в себя набор различных крепежей для разных сфер деятельности.'),
(4, 'Отопление и водоснабжение', 'Категория &quot;Отопление и водоснабжение&quot; включает в себя набор компонентов для ремонта и прокладки отопления и водоснабжения.'),
(5, 'Промышленное оборудование', 'Категория &quot;Промышленное оборудование&quot; включает в себя промышленное оборудование и набор компонентов для работы с промышленным оборудованием.'),
(6, 'Металопрокат', 'Категория &quot;Металопрокат&quot; включает в себя набор заготовок и компонентов для работы с металопрокатом.');

-- --------------------------------------------------------

--
-- Структура таблицы `client`
--

CREATE TABLE IF NOT EXISTS `client` (
  `id_client` int(11) NOT NULL AUTO_INCREMENT,
  `fio` varchar(105) NOT NULL,
  `phone` varchar(15) NOT NULL,
  `e_mail` varchar(30) NOT NULL,
  PRIMARY KEY (`id_client`)
) ENGINE=InnoDB  DEFAULT CHARSET=utf8 AUTO_INCREMENT=11 ;

--
-- Дамп данных таблицы `client`
--

INSERT INTO `client` (`id_client`, `fio`, `phone`, `e_mail`) VALUES
(1, 'Попов Алексей Юрьевич', '+79056653601', 'alik.al@bk.ru');

-- --------------------------------------------------------

--
-- Структура таблицы `tovar`
--

CREATE TABLE IF NOT EXISTS `tovar` (
  `id_tovar` int(11) NOT NULL,
  `name` char(50) NOT NULL,
  `izm` char(10) NOT NULL,
  `count` int(11) DEFAULT NULL,
  `id_category` int(11) NOT NULL,
  `price` decimal(10,2) NOT NULL,
  PRIMARY KEY (`id_tovar`),
  UNIQUE KEY `id_tovar` (`id_tovar`),
  KEY `id_category` (`id_category`),
  KEY `id_category_2` (`id_category`)
) ENGINE=InnoDB DEFAULT CHARSET=cp1251;

--
-- Дамп данных таблицы `tovar`
--

INSERT INTO `tovar` (`id_tovar`, `name`, `izm`, `count`, `id_category`, `price`) VALUES
(410123, 'резонатор рк354ба-11ач-5000к', 'шт', 37, 1, 6.00),
(410124, 'резонатор рк354ба-11ач-7500к', 'шт', 38, 1, 6.50),
(410204, 'предохранит 0.16а', 'шт', 31, 1, 7.00),
(410207, 'предохранит 0.5а', 'шт', 123, 1, 7.50),
(410209, 'предохранит 2а', 'шт', 98, 1, 8.00),
(410211, 'предохранит 3.15а', 'шт', 15, 1, 8.50),
(410213, 'предохранит 4а', 'шт', 70, 1, 9.00),
(410214, 'предохранит 5а', 'шт', 68, 1, 9.50),
(410217, 'предохранител вп1-1-0,25а', 'шт', 50, 1, 10.00),
(410231, 'предохранител вп1-2-4а', 'шт', 0, 1, 10.50),
(410316, 'резистор с1-4-0.125-33к', 'шт', 70, 1, 11.00),
(410318, 'резистор с1-4-0.125-56к-5%', 'шт', 66, 1, 11.50),
(410319, 'резистор с1-4-0.25-110-5%', 'шт', 68, 1, 12.00),
(410321, 'резистор с1-4-0.25-3к', 'шт', 138, 1, 12.50),
(410340, 'резистор с2-23-1вт-1.2к', 'шт', 530, 1, 13.00),
(410346, 'резистор с2-33-0.125-34.8к', 'шт', 96, 1, 13.50),
(410347, 'резистор с2-33-0.125-47.5к', 'шт', 56, 1, 14.00),
(410349, 'резистор с2-33-0.125-5.36к', 'шт', 77, 1, 14.50),
(410351, 'резистор с2-33-0.25-2.74м', 'шт', 50, 1, 15.00),
(410352, 'резистор с2-33-2вт-100', 'шт', 322, 1, 15.50),
(410354, 'резистор с2-33н-0.25-75', 'шт', 69, 1, 16.00),
(410361, 'резистор с5-35-10-120', 'шт', 36, 1, 16.50),
(410367, 'резистор с5-35-10-51', 'шт', 65, 1, 17.00),
(410370, 'резистор с5-35-16-1.5к', 'шт', 62, 1, 17.50),
(410424, 'резистор 0.5-1.1м', 'шт', 68, 1, 18.00),
(410427, 'резистор 0.5-1.2м 2', 'шт', 50, 1, 18.50),
(410438, 'резистор 0.5-10 1', 'шт', 60, 1, 19.00),
(410441, 'резистор 0.5-100к 1', 'шт', 47, 1, 19.50),
(410450, 'резистор 0.5-12к', 'шт', 11, 1, 20.00),
(410451, 'резистор 0.5-13', 'шт', 70, 1, 20.50),
(410452, 'резистор 0.5-130', 'шт', 77, 1, 21.00),
(410456, 'резистор 0.5-150', 'шт', 58, 1, 21.50),
(410465, 'резистор 0.5-180к', 'шт', 100, 1, 22.00),
(410469, 'резистор 0.5-2', 'шт', 69, 1, 22.50),
(410470, 'резистор 0.5-2.2', 'шт', 89, 1, 23.00),
(410471, 'резистор 0.5-2.2м', 'шт', 80, 1, 23.50),
(410472, 'резистор 0.5-2.2к 1', 'шт', 87, 1, 24.00),
(410474, 'резистор 0.5-2.4м', 'шт', 50, 1, 24.50),
(410475, 'резистор 0.5-2.7', 'шт', 57, 1, 25.00),
(410481, 'резистор 0.5-2.7м', 'шт', 99, 1, 25.50),
(410483, 'резистор 0.5-20', 'шт', 42, 1, 26.00),
(410485, 'резистор 0.5-200 2', 'шт', 40, 1, 26.50),
(410486, 'резистор 0.5-200к', 'шт', 15, 1, 27.00),
(410489, 'резистор 0.5-220 2', 'шт', 41, 1, 27.50),
(410493, 'резистор 0.5-220к', 'шт', 61, 1, 28.00),
(410494, 'резистор 0.5-22к', 'шт', 84, 1, 28.50),
(410498, 'резистор 0.5-27', 'шт', 46, 1, 29.00),
(410499, 'резистор 0.5-270', 'шт', 65, 1, 29.50),
(410503, 'резистор 0.5-27к 1', 'шт', 63, 1, 30.00),
(410510, 'резистор 0.5-3.3м', 'шт', 52, 1, 30.50),
(410511, 'резистор 0.5-3.3к', 'шт', 85, 1, 31.00),
(410512, 'резистор 0.5-3.6', 'шт', 83, 1, 31.50),
(410513, 'резистор 0.5-3.6к', 'шт', 91, 1, 32.00),
(410514, 'резистор 0.5-3.9к', 'шт', 78, 1, 32.50),
(410518, 'резистор 0.5-30к', 'шт', 80, 1, 33.00),
(410520, 'резистор 0.5-330', 'шт', 115, 1, 33.50),
(410521, 'резистор 0.5-330к', 'шт', 100, 1, 34.00),
(410522, 'резистор 0.5-33к', 'шт', 88, 1, 34.50),
(410523, 'резистор 0.5-360', 'шт', 68, 1, 35.00),
(410524, 'резистор 0.5-360к', 'шт', 39, 1, 35.50),
(410530, 'резистор 0.5-390к', 'шт', 62, 1, 36.00),
(410531, 'резистор 0.5-39к', 'шт', 87, 1, 36.50),
(410533, 'резистор 0.5-4.3м', 'шт', 83, 1, 37.00),
(410534, 'резистор 0.5-4.7', 'шт', 81, 1, 37.50),
(410535, 'резистор 0.5-4.7м', 'шт', 92, 1, 38.00),
(410537, 'резистор 0.5-43', 'шт', 92, 1, 38.50),
(410539, 'резистор 0.5-43к 1', 'шт', 20, 1, 39.00),
(410541, 'резистор 0.5-47', 'шт', 31, 1, 39.50),
(410542, 'резистор 0.5-470', 'шт', 12, 1, 40.00),
(410543, 'резистор 0.5-470к', 'шт', 93, 1, 40.50),
(410544, 'резистор 0.5-47к 1', 'шт', 94, 1, 41.00),
(410546, 'резистор 0.5-5.1', 'шт', 71, 1, 41.50),
(410547, 'резистор 0.5-5.1м', 'шт', 57, 1, 42.00),
(410548, 'резистор 0.5-5.1к', 'шт', 45, 1, 42.50),
(410549, 'резистор 0.5-5.6', 'шт', 57, 1, 43.00),
(410551, 'резистор 0.5-5.6к 1', 'шт', 17, 1, 43.50),
(410555, 'резистор 0.5-51к', 'шт', 65, 1, 44.00),
(410556, 'резистор 0.5-56', 'шт', 66, 1, 44.50),
(410557, 'резистор 0.5-560', 'шт', 13, 1, 45.00),
(410558, 'резистор 0.5-56к', 'шт', 46, 1, 45.50),
(410561, 'резистор 0.5-6.2к 1', 'шт', 84, 1, 46.00),
(410563, 'резистор 0.5-6.8', 'шт', 78, 1, 46.50),
(410564, 'резистор 0.5-6.8к', 'шт', 88, 1, 47.00),
(410565, 'резистор 0.5-62', 'шт', 78, 1, 47.50),
(410567, 'резистор 0.5-620к', 'шт', 13, 1, 48.00),
(410568, 'резистор 0.5-62к', 'шт', 25, 1, 48.50),
(410572, 'резистор 0.5-68к', 'шт', 71, 1, 49.00),
(410573, 'резистор 0.5-7.5к', 'шт', 61, 1, 49.50),
(410574, 'резистор 0.5-75', 'шт', 63, 1, 50.00),
(410576, 'резистор 0.5-750к', 'шт', 32, 1, 50.50),
(410577, 'резистор 0.5-75к', 'шт', 65, 1, 51.00),
(410578, 'резистор 0.5-8.2к 1', 'шт', 9, 1, 51.50),
(410580, 'резистор 0.5-82', 'шт', 67, 1, 52.00),
(410581, 'резистор 0.5-820', 'шт', 42, 1, 52.50),
(410582, 'резистор 0.5-820к', 'шт', 79, 1, 53.00),
(410583, 'резистор 0.5-82к', 'шт', 83, 1, 53.50),
(410584, 'резистор 0.5-9.1', 'шт', 12, 1, 54.00),
(410589, 'резистор 0.5-91к 1', 'шт', 18, 1, 54.50),
(410593, 'резистор 0.125-1.3м', 'шт', 126, 2, 55.00),
(410595, 'резистор 0.125-1.5', 'шт', 61, 2, 55.50),
(410598, 'резистор 0.125-1.5к 10%', 'шт', 40, 2, 56.00),
(410603, 'резистор 0.125-1.8', 'шт', 80, 2, 56.50),
(410618, 'резистор 0.125-120к 2', 'шт', 85, 2, 57.00),
(410619, 'резистор 0.125-12к 5%', 'шт', 55, 2, 57.50),
(410620, 'резистор 0.125-12к/', 'шт', 47, 2, 58.00),
(410622, 'резистор 0.125-13', 'шт', 73, 2, 58.50),
(410626, 'резистор 0.125-130к', 'шт', 76, 2, 59.00),
(410629, 'резистор 0.125-13к 5%', 'шт', 85, 2, 59.50),
(410632, 'резистор 0.125-150 1', 'шт', 78, 2, 60.00),
(410637, 'резистор 0.125-16', 'шт', 64, 2, 60.50),
(410641, 'резистор 0.125-160 1', 'шт', 59, 2, 61.00),
(410644, 'резистор 0.125-160к', 'шт', 73, 2, 61.50),
(410645, 'резистор 0.125-162к', 'шт', 45, 2, 62.00),
(410646, 'резистор 0.125-16к', 'шт', 75, 2, 62.50),
(410647, 'резистор 0.125-18', 'шт', 12, 2, 63.00),
(410649, 'резистор 0.125-180к', 'шт', 93, 2, 63.50),
(410651, 'резистор 0.125-18к', 'шт', 145, 2, 64.00),
(410656, 'резистор 0.125-2', 'шт', 69, 2, 64.50),
(410657, 'резистор 0.125-2.2-1%', 'шт', 75, 2, 65.00),
(410658, 'резистор 0.125-2.2м', 'шт', 32, 2, 65.50),
(410663, 'резистор 0.125-2.4', 'шт', 74, 2, 66.00),
(410670, 'резистор 0.125-2.7м 2', 'шт', 200, 2, 66.50),
(410672, 'резистор 0.125-2.7к 2', 'шт', 87, 2, 67.00),
(410676, 'резистор 0.125-2.8к', 'шт', 61, 2, 67.50),
(410677, 'резистор 0.125-20 1', 'шт', 86, 2, 68.00),
(410682, 'резистор 0.125-200 10%', 'шт', 44, 2, 68.50),
(410686, 'резистор 0.125-22', 'шт', 40, 2, 69.00),
(410688, 'резистор 0.125-220к', 'шт', 89, 2, 69.50),
(410692, 'резистор 0.125-22к', 'шт', 14, 2, 70.00),
(410701, 'резистор 0.125-24к 10%', 'шт', 97, 2, 70.50),
(410702, 'резистор 0.125-26.1к(29в)', 'шт', 17, 2, 71.00),
(410703, 'резистор 0.125-27 1', 'шт', 65, 2, 71.50),
(410705, 'резистор 0.125-270к 1', 'шт', 84, 2, 72.00),
(410713, 'резистор 0.125-2м 1', 'шт', 65, 2, 72.50),
(410721, 'резистор 0.125-3.3', 'шт', 68, 2, 73.00),
(410723, 'резистор 0.125-3.6-1%', 'шт', 82, 2, 73.50),
(410724, 'резистор 0.125-3.9', 'шт', 75, 2, 74.00),
(410726, 'резистор 0.125-300', 'шт', 68, 2, 74.50),
(410729, 'резистор 0.125-31.2(29в)', 'шт', 29, 2, 75.00),
(410737, 'резистор 0.125-33', 'шт', 85, 2, 75.50),
(410740, 'резистор 0.125-33к 1', 'шт', 72, 2, 76.00),
(410742, 'резистор 0.125-352(29в)', 'шт', 16, 2, 76.50),
(410745, 'резистор 0.125-360 10%', 'шт', 65, 2, 77.00),
(410748, 'резистор 0.125-36к', 'шт', 68, 2, 77.50),
(410750, 'резистор 0.125-39 1', 'шт', 88, 2, 78.00),
(410756, 'резистор 0.125-390к', 'шт', 71, 2, 78.50),
(410759, 'резистор 0.125-39к 3', 'шт', 30, 2, 79.00),
(410761, 'резистор 0.125-3м 1', 'шт', 84, 2, 79.50),
(410764, 'резистор 0.125-3к 10%', 'шт', 82, 2, 80.00),
(410765, 'резистор 0.125-3к/', 'шт', 36, 2, 80.50),
(410767, 'резистор 0.125-4.3', 'шт', 88, 2, 81.00),
(410773, 'резистор 0.125-43', 'шт', 76, 2, 81.50),
(410778, 'резистор 0.125-47', 'шт', 69, 2, 82.00),
(410783, 'резистор 0.125-470к', 'шт', 75, 2, 82.50),
(410790, 'резистор 0.125-5.6', 'шт', 72, 2, 83.00),
(410795, 'резистор 0.125-510к 1', 'шт', 58, 2, 83.50),
(410798, 'резистор 0.125-56', 'шт', 71, 2, 84.00),
(410799, 'резистор 0.125-560к 1', 'шт', 70, 2, 84.50),
(410803, 'резистор 0.125-6.2', 'шт', 58, 2, 85.00),
(410805, 'резистор 0.125-6.8', 'шт', 65, 2, 85.50),
(410809, 'резистор 0.125-60.4(29в)', 'шт', 44, 2, 86.00),
(410810, 'резистор 0.125-62', 'шт', 82, 2, 86.50),
(410813, 'резистор 0.125-620к 2', 'шт', 60, 2, 87.00),
(410814, 'резистор 0.125-62к 1', 'шт', 60, 2, 87.50),
(410819, 'резистор 0.125-649к', 'шт', 45, 2, 88.00),
(410820, 'резистор 0.125-67.3(29в)', 'шт', 34, 2, 88.50),
(410821, 'резистор 0.125-68', 'шт', 82, 2, 89.00),
(410825, 'резистор 0.125-680к', 'шт', 70, 2, 89.50),
(410828, 'резистор 0.125-7.5', 'шт', 68, 2, 90.00),
(410831, 'резистор 0.125-7.5к 3', 'шт', 50, 2, 90.50),
(410832, 'резистор 0.125-75 1', 'шт', 63, 2, 91.00),
(410836, 'резистор 0.125-750к', 'шт', 80, 2, 91.50),
(410839, 'резистор 0.125-796(29в)', 'шт', 25, 2, 92.00),
(410840, 'резистор 0.125-8,06к', 'шт', 81, 2, 92.50),
(410842, 'резистор 0.125-8.2 2', 'шт', 74, 2, 93.00),
(410843, 'резистор 0.125-8.2к', 'шт', 73, 2, 93.50),
(410845, 'резистор 0.125-82', 'шт', 94, 2, 94.00),
(410848, 'резистор 0.125-820к', 'шт', 37, 2, 94.50),
(410855, 'резистор 0.125-91', 'шт', 90, 2, 95.00),
(410861, 'резистор 0.25-43', 'шт', 92, 2, 95.50),
(410863, 'резистор 0.125-1.3', 'шт', 95, 2, 96.00),
(410865, 'резистор 0.25-1 1', 'шт', 10, 2, 96.50),
(410867, 'резистор 0.25-1.1 1', 'шт', 39, 2, 97.00),
(410870, 'резистор 0.25-1.1м', 'шт', 93, 2, 97.50),
(410871, 'резистор 0.25-1.2 5%', 'шт', 95, 2, 98.00),
(410872, 'резистор 0.25-1.2м', 'шт', 71, 2, 98.50),
(410873, 'резистор 0.25-1.3', 'шт', 65, 2, 99.00),
(410876, 'резистор 0.25-1.5', 'шт', 88, 2, 99.50),
(410877, 'резистор 0.25-1.5м-1%', 'шт', 87, 2, 100.00),
(410879, 'резистор 0.25-1.6', 'шт', 95, 2, 100.50),
(410880, 'резистор 0.25-1.6м', 'шт', 88, 2, 101.00),
(410882, 'резистор 0.25-1.8', 'шт', 65, 2, 101.50),
(410885, 'резистор 0.25-1.8м', 'шт', 99, 2, 102.00),
(410891, 'резистор 0.25-11 1', 'шт', 89, 2, 102.50),
(410897, 'резистор 0.25-120 1', 'шт', 11, 2, 103.00),
(410898, 'резистор 0.25-120 2', 'шт', 83, 2, 103.50),
(410899, 'резистор 0.25-120к', 'шт', 101, 2, 104.00),
(410902, 'резистор 0.25-13', 'шт', 44, 2, 104.50),
(410903, 'резистор 0.25-130', 'шт', 41, 3, 105.00),
(410904, 'резистор 0.25-130к 1', 'шт', 71, 3, 105.50),
(410906, 'резистор 0.25-13к 1', 'шт', 85, 3, 106.00),
(410910, 'резистор 0.25-15', 'шт', 85, 3, 106.50),
(410915, 'резистор 0.25-15к', 'шт', 51, 3, 107.00),
(410916, 'резистор 0.25-16', 'шт', 67, 3, 107.50),
(410918, 'резистор 0.25-160к 1', 'шт', 28, 3, 108.00),
(410924, 'резистор 0.25-18', 'шт', 80, 3, 108.50),
(410926, 'резистор 0.25-180к 1', 'шт', 100, 3, 109.00),
(410935, 'резистор 0.25-2', 'шт', 76, 3, 109.50),
(410936, 'резистор 0.25-2.2', 'шт', 76, 3, 110.00),
(410937, 'резистор 0.25-2.2м 1', 'шт', 92, 3, 110.50),
(410939, 'резистор 0.25-2.2к', 'шт', 70, 3, 111.00),
(410940, 'резистор 0.25-2.4', 'шт', 67, 3, 111.50),
(410941, 'резистор 0.25-2.4к', 'шт', 76, 3, 112.00),
(410942, 'резистор 0.25-2.4м', 'шт', 53, 3, 112.50),
(410945, 'резистор 0.25-2.7к', 'шт', 43, 3, 113.00),
(410946, 'резистор 0.25-20', 'шт', 86, 3, 113.50),
(410952, 'резистор 0.25-22', 'шт', 94, 3, 114.00),
(410954, 'резистор 0.25-220к 1', 'шт', 81, 3, 114.50),
(410956, 'резистор 0.25-24', 'шт', 82, 3, 115.00),
(410959, 'резистор 0.25-240 2', 'шт', 83, 3, 115.50),
(410963, 'резистор 0.25-24к 2', 'шт', 98, 3, 116.00),
(410965, 'резистор 0.25-27', 'шт', 98, 3, 116.50),
(410969, 'резистор 0.25-27к 1', 'шт', 24, 3, 117.00),
(410972, 'резистор 0.25-2к', 'шт', 72, 3, 117.50),
(410973, 'резистор 0.25-3', 'шт', 70, 3, 118.00),
(410978, 'резистор 0.25-3.6', 'шт', 81, 3, 118.50),
(410979, 'резистор 0.25-3.9', 'шт', 72, 3, 119.00),
(410980, 'резистор 0.25-3.9м', 'шт', 65, 3, 119.50),
(410981, 'резистор 0.25-3.9к', 'шт', 60, 3, 120.00),
(410984, 'резистор 0.25-30', 'шт', 87, 3, 120.50),
(410989, 'резистор 0.25-30к 1', 'шт', 90, 3, 121.00),
(411071, 'конденсатор к53-16-1.6в-2.2мкф', 'шт', 20, 3, 121.50),
(411072, 'конденсатор к53-16-1.6в-6.8мкф', 'шт', 15, 3, 122.00),
(411073, 'конденсатор к53-16-10в-22мкф 1', 'шт', 82, 3, 122.50),
(411077, 'конденсатор к53-16-16в-1мкф', 'шт', 17, 3, 123.00),
(411079, 'конденсатор к53-16-16в-2.2мкф', 'шт', 66, 3, 123.50),
(411084, 'конденсатор к53-16-20в-0.22мкф', 'шт', 60, 3, 124.00),
(411085, 'конденсатор к53-16-3.2в-1мкф', 'шт', 35, 3, 124.50),
(411104, 'конденсатор к53-1-30в-3.3мкф', 'шт', 20, 3, 125.00),
(411133, 'конденсатор к53-19-16в-0.68мкф', 'шт', 31, 3, 125.50),
(411134, 'конденсатор к53-19-16в-1.5мкф', 'шт', 29, 3, 126.00),
(411135, 'конденсатор к53-19-16в-15мкф', 'шт', 26, 3, 126.50),
(411138, 'конденсатор к53-19-16в-3.3мкф', 'шт', 50, 3, 127.00),
(411139, 'конденсатор к53-19-16в-33мкф', 'шт', 50, 3, 127.50),
(411147, 'конденсатор к53-19-16в-6.8мкф', 'шт', 29, 3, 128.00),
(411163, 'конденсатор к53-19-20в-1мкф', 'шт', 55, 3, 128.50),
(411164, 'конденсатор к53-19-20в-3.3мкф', 'шт', 26, 3, 129.00),
(411165, 'конденсатор к53-19-20в-33мкф', 'шт', 49, 3, 129.50),
(411166, 'конденсатор к53-19-20в-4.7мкф', 'шт', 70, 3, 130.00),
(411171, 'конденсатор к53-19-6.3в-15мкф', 'шт', 33, 3, 130.50),
(411174, 'конденсатор к53-19-6.3в-22мкф', 'шт', 24, 3, 131.00),
(411176, 'конденсатор к53-19-6.3в-33мкф', 'шт', 18, 3, 131.50),
(411181, 'конденсатор к53-19-6.3в-47мкф', 'шт', 19, 3, 132.00),
(411182, 'конденсатор к53-19-6.3в-6.8мкф', 'шт', 17, 3, 132.50),
(411183, 'конденсатор к53-19-6.3в-68мкф', 'шт', 25, 3, 133.00),
(411186, 'конденсатор к53-30-32в-0.47мкф', 'шт', 17, 3, 133.50),
(411196, 'конденсатор к53-30-32в-0.68мкф', 'шт', 17, 3, 134.00),
(411199, 'конденсатор к53-30-32в-1.5мкф', 'шт', 18, 3, 134.50),
(411230, 'конденсатор к73-16-63в-6.8мкф', 'шт', 27, 3, 135.00),
(411242, 'конденсатор к73-11-400в-47нф', 'шт', 20, 3, 135.50),
(411247, 'конденсатор к73-17-250в-0.22мкф 1', 'шт', 19, 3, 136.00),
(411287, 'конденсатор к73-17в-63в-2.2мкф', 'шт', 16, 3, 136.50),
(411291, 'конденсатор к73-9-100в-0.01мкф', 'шт', 16, 3, 137.00),
(411292, 'конденсатор к73-9-100в-0.047мкф', 'шт', 17, 3, 137.50),
(411293, 'конденсатор к73-9-100в-0.15мкф', 'шт', 15, 3, 138.00),
(411297, 'конденсатор к73-9-100в-0.22мкф', 'шт', 18, 3, 138.50),
(411299, 'конденсатор к73-9-100в-4.7нф', 'шт', 8, 3, 139.00),
(411301, 'конденсатор к73-9-100в-4700пф', 'шт', 20, 3, 139.50),
(411302, 'конденсатор к73-17-160в-1.5мкф', 'шт', 13, 3, 140.00),
(411306, 'конденсатор к73-17-250в-0.068мк', 'шт', 24, 3, 140.50),
(411357, 'конденсатор к73-17-400в-0.047мк', 'шт', 24, 3, 141.00),
(411358, 'конденсатор к73-17-400в-0.068мк', 'шт', 19, 3, 141.50),
(411360, 'конденсатор к73-17-630в-0.01мкф', 'шт', 18, 3, 142.00),
(411389, 'конденсатор мбм-160в-0.05мкф', 'шт', 10, 3, 142.50),
(411392, 'конденсатор мбм-160в-0.25мкф', 'шт', 15, 3, 143.00),
(411401, 'конденсатор мбм-160в-1мкф', 'шт', 9, 3, 143.50),
(411402, 'конденсатор мбм-250в-0.1мкф', 'шт', 13, 3, 144.00),
(411409, 'конденсатор мбм-250в-0.5мкф', 'шт', 12, 3, 144.50),
(411413, 'конденсатор мбм-250в-1мкф', 'шт', 13, 3, 145.00),
(411414, 'конденсатор мбм-750в-0.025мкф', 'шт', 18, 3, 145.50),
(411415, 'конденсатор мбго-2-160в-20мкф', 'шт', 16, 3, 146.00),
(411416, 'конденсатор мбго-2-160в-30мкф', 'шт', 8, 3, 146.50),
(411449, 'н/т р-рр1-12 р1-12 0.125-1.8', 'шт', 100, 3, 147.00),
(411450, 'н/т р-рр1-12 р1-12 0.125-10к', 'шт', 60, 3, 147.50),
(411469, 'н/т р-рр1-12 р1-12 0.125-27к', 'шт', 100, 3, 148.00),
(411471, 'н/т р-рр1-12 р1-12 0.125-5.6к', 'шт', 100, 3, 148.50),
(411472, 'н/т р-рр1-12 р1-12 0.125-6.8к', 'шт', 100, 3, 149.00),
(411473, 'н/т р-рр1-12 р1-12 0.125-68к', 'шт', 100, 3, 149.50),
(411476, 'н/т р-рр1-12 р1-12 0.125-750', 'шт', 100, 3, 150.00),
(411494, 'панель diр64', 'шт', 50, 3, 150.50),
(411536, 'разъем б1/16', 'шт', 10, 3, 151.00),
(411538, 'разъем б1/20', 'шт', 9, 3, 151.50),
(411548, 'разъем б1/24', 'шт', 9, 3, 152.00),
(411552, 'разъем б1/30', 'шт', 8, 3, 152.50),
(411573, 'разъем б10/16', 'шт', 9, 3, 153.00),
(411600, 'разъем рп15-15гкф', 'шт', 18, 3, 153.50),
(411602, 'разъем рп15-15шф', 'шт', 17, 3, 154.00),
(411620, 'разъем снп58-16в-23', 'шт', 16, 3, 154.50),
(411633, 'разъем снп58-48р-20-2-в', 'шт', 11, 4, 155.00),
(411642, 'разъем б11/30', 'шт', 10, 4, 155.50),
(411644, 'разъем снп59-96р-20-2-в', 'шт', 10, 4, 156.00),
(411652, 'разъем мрн22-1', 'шт', 10, 4, 156.50),
(411653, 'разъем мрн22-2в', 'шт', 10, 4, 157.00),
(411657, 'разъем мрн4-1', 'шт', 7, 4, 157.50),
(411658, 'разъем мрн44-1в.р', 'шт', 13, 4, 158.00),
(411659, 'разъем мрн8-1(8-3)', 'шт', -7, 4, 158.50),
(411665, 'разъем мрн8-3 3', 'шт', 8, 4, 159.00),
(411693, 'разъемы мрн8-3 р', 'шт', 8, 4, 159.50),
(411703, 'разъем ршавпр-6-1 2', 'шт', 9, 4, 160.00),
(411717, 'резистор б/к-0805-10-5%', 'шт', 20, 4, 160.50),
(411771, 'резистор сп-ii-1вт-220к', 'шт', 20, 4, 161.00),
(411784, 'резистор сп-i-0.5вт-330к', 'шт', 20, 4, 161.50),
(411798, 'резистор сп-i-0.5вт-68к', 'шт', 11, 4, 162.00),
(411799, 'резистор сп-i-1вт-1к', 'шт', 19, 4, 162.50),
(411807, 'резистор сп-i-1вт-3.3м', 'шт', 17, 4, 163.00),
(411833, 'резистор сп3-19-0.5вт-10к', 'шт', 37, 4, 163.50),
(411836, 'резистор сп3-19-0.5вт-1к', 'шт', 34, 4, 164.00),
(411854, 'резистор сп3-19-220к', 'шт', 30, 4, 164.50),
(411858, 'резистор сп3-19-330к', 'шт', 39, 4, 165.00),
(411887, 'резистор сп3-16-2.2к', 'шт', 18, 4, 165.50),
(411944, 'резистор сп4-1-470к', 'шт', 20, 4, 166.00),
(412033, 'диод 2с182ж', 'шт', 40, 4, 166.50),
(412048, 'диод кд227е 2', 'шт', 45, 4, 167.00),
(412049, 'диод кд257д 2', 'шт', 16, 4, 167.50),
(412114, 'стабилизатор кмп403ен5а', 'шт', 32, 4, 168.00),
(412125, 'стабилитрон кс216ж', 'шт', 34, 4, 168.50),
(412126, 'стабилитрон кс222ж', 'шт', 53, 4, 169.00),
(412129, 'диод д220', 'шт', 66, 4, 169.50),
(412137, 'диод ал107а 2', 'шт', 35, 4, 170.00),
(412140, 'диод ал107б', 'шт', 33, 4, 170.50),
(412147, 'диоды кремниев.импульс.д246а.б', 'шт', 11, 4, 171.00),
(412181, 'диод алс324а', 'шт', 36, 4, 171.50),
(412184, 'диод д9б 1', 'шт', 70, 4, 172.00),
(412189, 'диод д9е', 'шт', 71, 4, 172.50),
(412194, 'диод д105а 2', 'шт', 35, 4, 173.00),
(412195, 'диод д223а', 'шт', 61, 4, 173.50),
(412196, 'диод д223б', 'шт', 38, 4, 174.00),
(412215, 'диод д310', 'шт', 34, 4, 174.50),
(412220, 'диод д814в', 'шт', 64, 4, 175.00),
(412229, 'стабилитрон д814б', 'шт', 24, 4, 175.50),
(412232, 'стабилитрон д814д', 'шт', 32, 4, 176.00),
(412233, 'диод кд104а', 'шт', 52, 4, 176.50),
(412265, 'стабилитрон д815е', 'шт', 34, 4, 177.00),
(412308, 'Диод кремниевый выпрямительный кд202д', 'шт', 43, 4, 177.50),
(412309, 'диод кд202ж', 'шт', 42, 4, 178.00),
(412332, 'диод 2д213а', 'шт', 68, 4, 178.50),
(412347, 'диод кд411ам', 'шт', 36, 4, 179.00),
(412349, 'диод кд411бм', 'шт', 70, 4, 179.50),
(412358, 'стабилитрон кс139а .', 'шт', 28, 4, 180.00),
(412363, 'стабилитрон кс139г', 'шт', 30, 4, 180.50),
(412368, 'стабилитрон кс147а', 'шт', 98, 4, 181.00),
(412372, 'стабилитрон кс147г 2', 'шт', 36, 4, 181.50),
(412395, 'стабилитрон кс547в 2', 'шт', 117, 4, 182.00),
(412397, 'стабилитрон кс547в2', 'шт', 110, 4, 182.50),
(412409, 'выпрям.мост кц402а', 'шт', 39, 4, 183.00),
(412416, 'выпрям.мост кц402б', 'шт', 30, 4, 183.50),
(412425, 'выпрям.мост кц405г', 'шт', 94, 4, 184.00),
(412428, 'диоды кремн.стабилитрон.кс433а', 'шт', 60, 4, 184.50),
(412431, 'диод кц405а', 'шт', 44, 4, 185.00),
(412447, 'резистор 1вт-1.1м 2', 'шт', 17, 4, 185.50),
(412453, 'резистор 1вт-1.2м', 'шт', 37, 4, 186.00),
(412454, 'резистор 1вт-1.3', 'шт', 44, 4, 186.50),
(412455, 'резистор 1вт-1.5', 'шт', 65, 4, 187.00),
(412457, 'резистор 1вт-1.5м', 'шт', 16, 4, 187.50),
(412461, 'резистор 1вт-1.6м', 'шт', 36, 4, 188.00),
(412462, 'резистор 1вт-1.8м', 'шт', 18, 4, 188.50),
(412463, 'резистор 1вт-1.8к 1', 'шт', 90, 4, 189.00),
(412466, 'диоды кремн.стабилитрон.кс 520', 'шт', 39, 4, 189.50),
(412467, 'резистор 1вт-10', 'шт', 70, 4, 190.00),
(412470, 'резистор 1вт-100к', 'шт', 78, 4, 190.50),
(412471, 'резистор 1вт-10м 1', 'шт', 12, 4, 191.00),
(412479, 'резистор 1вт-110', 'шт', 49, 4, 191.50),
(412487, 'резистор 1вт-12', 'шт', 81, 4, 192.00),
(412493, 'резистор 1вт-12к', 'шт', 19, 4, 192.50),
(412494, 'резистор 1вт-130 1', 'шт', 45, 4, 193.00),
(412499, 'резистор 1вт-130к', 'шт', 16, 4, 193.50),
(412500, 'резистор 1вт-15', 'шт', 77, 4, 194.00),
(412504, 'резистор 1вт-150к', 'шт', 16, 4, 194.50),
(412505, 'резистор 1вт-15к', 'шт', 100, 4, 195.00),
(412506, 'стабилитрон кс620а', 'шт', 141, 4, 195.50),
(412513, 'резистор 1вт-16к', 'шт', 19, 4, 196.00),
(412514, 'резистор 1вт-180 1', 'шт', 64, 4, 196.50),
(412515, 'резистор 1вт-180 2', 'шт', 26, 4, 197.00),
(412517, 'резистор 1вт-180к', 'шт', 13, 4, 197.50),
(412519, 'резистор 1вт-18к', 'шт', 86, 4, 198.00),
(412521, 'резистор 1вт-1м 1', 'шт', 21, 4, 198.50),
(412525, 'резистор 1вт-2', 'шт', 95, 4, 199.00),
(412535, 'резистор 1вт-2.2м', 'шт', 36, 4, 199.50),
(412536, 'резистор 1вт-2.4 1', 'шт', 90, 4, 200.00),
(412538, 'резистор 1вт-2.4м', 'шт', 20, 4, 200.50),
(412539, 'резистор 1вт-2.7', 'шт', 18, 4, 201.00),
(412541, 'резистор 1вт-2.7м 1', 'шт', 15, 4, 201.50),
(412548, 'резистор 1вт-200', 'шт', 16, 4, 202.00),
(412555, 'резистор 1вт-220к 1', 'шт', 15, 4, 202.50),
(412559, 'резистор 1вт-22к', 'шт', 64, 4, 203.00),
(412561, 'резистор 1вт-24', 'шт', 95, 4, 203.50),
(412564, 'резистор 1вт-240к 2', 'шт', 17, 4, 204.00),
(412577, 'резистор 1вт-27', 'шт', 113, 4, 204.50),
(412579, 'резистор 1вт-270', 'шт', 121, 5, 205.00),
(412593, 'резистор 1вт-3', 'шт', 93, 5, 205.50),
(412595, 'резистор 1вт-3.3', 'шт', 104, 5, 206.00),
(412596, 'резистор 1вт-3.3к', 'шт', 20, 5, 206.50),
(412597, 'резистор 1вт-3.3м', 'шт', 36, 5, 207.00),
(412600, 'резистор 1вт-3.6', 'шт', 96, 5, 207.50),
(412601, 'резистор 1вт-3.6к 1', 'шт', 15, 5, 208.00),
(412604, 'резистор 1вт-3.6м', 'шт', 36, 5, 208.50),
(412605, 'резистор 1вт-3.9', 'шт', 92, 5, 209.00),
(412609, 'резистор 1вт-3.9м', 'шт', 36, 5, 209.50),
(412611, 'резистор 1вт-30', 'шт', 89, 5, 210.00),
(412626, 'резистор 1вт-33', 'шт', 81, 5, 210.50),
(412627, 'резистор 1вт-330 1', 'шт', 69, 5, 211.00),
(412631, 'резистор 1вт-36', 'шт', 105, 5, 211.50),
(412633, 'резистор 1вт-360 1', 'шт', 69, 5, 212.00),
(412641, 'резистор 1вт-36к', 'шт', 60, 5, 212.50),
(412649, 'резистор 1вт-390к', 'шт', 29, 5, 213.00),
(412655, 'резистор 1вт-3м 1', 'шт', 29, 5, 213.50),
(412659, 'резистор 1вт-4.3', 'шт', 88, 5, 214.00),
(412661, 'резистор 1вт-4.7к', 'шт', 124, 5, 214.50),
(412663, 'резистор 1вт-43', 'шт', 60, 5, 215.00),
(412667, 'резистор 1вт-430к', 'шт', 16, 5, 215.50),
(412671, 'резистор 1вт-43к', 'шт', 16, 5, 216.00),
(412675, 'резистор 1вт-47 2', 'шт', 72, 5, 216.50),
(412682, 'резистор 1вт-470 2', 'шт', 68, 5, 217.00),
(412685, 'резистор 1вт-470к 2', 'шт', 20, 5, 217.50),
(412691, 'резистор 1вт-5.1 2', 'шт', 89, 5, 218.00),
(412693, 'резистор 1вт-5.1к', 'шт', 93, 5, 218.50),
(412695, 'резистор 1вт-5.1м', 'шт', 36, 5, 219.00),
(412697, 'резистор 1вт-5.6к 1', 'шт', 70, 5, 219.50),
(412707, 'резистор 1вт-5.6м', 'шт', 36, 5, 220.00),
(412711, 'резистор 1вт-51 2', 'шт', 99, 5, 220.50),
(412719, 'резистор 1вт-56', 'шт', 61, 5, 221.00),
(412723, 'резистор 1вт-560', 'шт', 94, 5, 221.50),
(412727, 'резистор 1вт-560к', 'шт', 50, 5, 222.00),
(412737, 'резистор 1вт-56к 2', 'шт', 98, 5, 222.50),
(412739, 'резистор 1вт-6.2', 'шт', 60, 5, 223.00),
(412751, 'резистор 1вт-6.2к 2', 'шт', 19, 5, 223.50),
(412753, 'резистор 1вт-6.8', 'шт', 141, 5, 224.00),
(412755, 'резистор 1вт-6.8к', 'шт', 30, 5, 224.50),
(412756, 'резистор 1вт-6.8м', 'шт', 36, 5, 225.00),
(412759, 'резистор 1вт-620к', 'шт', 22, 5, 225.50),
(412769, 'резистор 1вт-62к 3', 'шт', 107, 5, 226.00),
(412778, 'резистор 1вт-68к 1', 'шт', 49, 5, 226.50),
(412779, 'резистор 1вт-68к 2', 'шт', 45, 5, 227.00),
(412781, 'резистор 1вт-7.5м 1', 'шт', 89, 5, 227.50),
(412783, 'резистор 1вт-7.5к 1', 'шт', 348, 5, 228.00),
(412791, 'резистор 1вт-75', 'шт', 80, 5, 228.50),
(412797, 'резистор 1вт-750 3', 'шт', 70, 5, 229.00),
(412799, 'резистор 1вт-750к', 'шт', 10, 5, 229.50),
(412801, 'резистор 1вт-75к', 'шт', 16, 5, 230.00),
(412802, 'резистор 1вт-8.2к', 'шт', 57, 5, 230.50),
(412805, 'резистор 1вт-82', 'шт', 99, 5, 231.00),
(412806, 'резистор 1вт-820', 'шт', 74, 5, 231.50),
(412807, 'резистор 1вт-820к', 'шт', 15, 5, 232.00),
(412809, 'резистор 1вт-82к', 'шт', 16, 5, 232.50),
(412810, 'резистор 1вт-9.1', 'шт', 90, 5, 233.00),
(412818, 'резистор 1вт-9.1м 2', 'шт', 39, 5, 233.50),
(412821, 'резистор 1вт-910', 'шт', 51, 5, 234.00),
(412822, 'резистор 1вт-910к', 'шт', 16, 5, 234.50),
(412823, 'резистор 1вт-91к', 'шт', 16, 5, 235.00),
(412829, 'резистор 2вт-1.1м', 'шт', 85, 5, 235.50),
(412830, 'резистор 2вт-1.1к', 'шт', 45, 5, 236.00),
(412836, 'резистор 2вт-1.3 1', 'шт', 36, 5, 236.50),
(412852, 'резистор 2вт-1.5 2', 'шт', 101, 5, 237.00),
(412854, 'резистор 2вт-1.6', 'шт', 64, 5, 237.50),
(412858, 'резистор 2вт-1.8 2', 'шт', 73, 5, 238.00),
(412859, 'резистор 2вт-1.8к', 'шт', 38, 5, 238.50),
(412863, 'резистор 2вт-100 2', 'шт', 127, 5, 239.00),
(412865, 'резистор 2вт-10к', 'шт', 92, 5, 239.50),
(412868, 'резистор 2вт-11 2', 'шт', 76, 5, 240.00),
(412872, 'резистор 2вт-110к 1', 'шт', 62, 5, 240.50),
(412873, 'резистор 2вт-110к 2', 'шт', 25, 5, 241.00),
(412874, 'резистор 2вт-11к', 'шт', 89, 5, 241.50),
(412877, 'резистор 2вт-120к 2', 'шт', 44, 5, 242.00),
(412878, 'резистор 2вт-12к', 'шт', 84, 5, 242.50),
(412882, 'резистор 2вт-13 2', 'шт', 27, 5, 243.00),
(412884, 'резистор 2вт-130к', 'шт', 79, 5, 243.50),
(412888, 'резистор 2вт-150к', 'шт', 88, 5, 244.00),
(412890, 'резистор 2вт-15к 2', 'шт', 81, 5, 244.50),
(412891, 'резистор 2вт-160 1', 'шт', 54, 5, 245.00),
(412892, 'резистор 2вт-160 2', 'шт', 27, 5, 245.50),
(412893, 'резистор 2вт-160к', 'шт', 136, 5, 246.00),
(412895, 'резистор 2вт-16к 2', 'шт', 39, 5, 246.50),
(412897, 'резистор 2вт-18 2', 'шт', 125, 5, 247.00),
(412898, 'резистор 2вт-180', 'шт', 106, 5, 247.50),
(412899, 'резистор 2вт-180к', 'шт', 22, 5, 248.00),
(412900, 'резистор 2вт-18к', 'шт', 27, 5, 248.50),
(412904, 'резистор 2вт-2 2', 'шт', 73, 5, 249.00),
(412908, 'резистор 2вт-2.2к 2', 'шт', 62, 5, 249.50),
(412912, 'резистор 2вт-2.7м', 'шт', 32, 5, 250.00),
(412916, 'резистор 2вт-200к', 'шт', 63, 5, 250.50),
(412923, 'резистор 2вт-24 2', 'шт', 64, 5, 251.00),
(412925, 'резистор 2вт-240 2', 'шт', 22, 5, 251.50),
(412926, 'резистор 2вт-240к 1', 'шт', 48, 5, 252.00),
(412929, 'резистор 2вт-27 1', 'шт', 18, 5, 252.50),
(412932, 'резистор 2вт-270 2', 'шт', 82, 5, 253.00),
(412933, 'резистор 2вт-270к', 'шт', 80, 5, 253.50),
(412942, 'резистор 2вт-3.6 1', 'шт', 51, 5, 254.00),
(412943, 'резистор 2вт-3.6 2', 'шт', 27, 5, 254.50),
(412944, 'резистор 2вт-3.6к', 'шт', 73, 6, 255.00),
(412945, 'резистор 2вт-3.9', 'шт', 0, 6, 255.50),
(412948, 'резистор 2вт-30 2', 'шт', 88, 6, 256.00),
(412951, 'резистор 2вт-300к 1', 'шт', 29, 6, 256.50),
(412954, 'резистор 2вт-30к 2', 'шт', 56, 6, 257.00),
(412959, 'резистор 2вт-33к', 'шт', 67, 6, 257.50),
(412961, 'резистор 2вт-36 2', 'шт', 27, 6, 258.00),
(412963, 'резистор 2вт-360 2', 'шт', 20, 6, 258.50),
(412964, 'резистор 2вт-360к', 'шт', 71, 6, 259.00),
(412965, 'резистор 2вт-36к', 'шт', 27, 6, 259.50),
(412967, 'резистор 2вт-39 2', 'шт', 113, 6, 260.00),
(412969, 'резистор 2вт-390 2', 'шт', 124, 6, 260.50),
(412970, 'резистор 2вт-39к 1', 'шт', 49, 6, 261.00),
(412972, 'резистор 2вт-3к', 'шт', 62, 6, 261.50),
(412973, 'резистор 2вт-4.3 1', 'шт', 40, 6, 262.00),
(412974, 'резистор 2вт-4.3 2', 'шт', 18, 6, 262.50),
(412976, 'резистор 2вт-4.3к 2', 'шт', 72, 6, 263.00),
(412978, 'резистор 2вт-4.7к', 'шт', 29, 6, 263.50),
(412979, 'резистор 2вт-43 1', 'шт', 65, 6, 264.00),
(412982, 'резистор 2вт-430 1', 'шт', 61, 6, 264.50),
(412984, 'резистор 2вт-43к', 'шт', 108, 6, 265.00),
(412985, 'резистор 2вт-47 1', 'шт', 50, 6, 265.50),
(412987, 'резистор 2вт-470', 'шт', 41, 6, 266.00),
(412988, 'резистор 2вт-47к', 'шт', 5, 6, 266.50),
(412991, 'резистор 2вт-5.1к 2', 'шт', 53, 6, 267.00),
(412993, 'резистор 2вт-5.6к', 'шт', 79, 6, 267.50),
(412997, 'резистор 2вт-510к', 'шт', 68, 6, 268.00),
(412998, 'резистор 2вт-51к 1', 'шт', 63, 6, 268.50),
(413045, 'кнопка кн2', 'шт', 12, 6, 269.00),
(413127, 'разъем б11/8', 'шт', 10, 6, 269.50),
(413165, 'разъем б11/24', 'шт', 22, 6, 270.00),
(413301, 'конденсатор кд-2-10п', 'шт', 24, 6, 270.50),
(413310, 'конденсатор кд2-м1500-91пф', 'шт', 30, 6, 271.00),
(413314, 'конденсатор кд1-3-м47-9.1пф', 'шт', 18, 6, 271.50),
(413335, 'конденсатор км-6-1200пф', 'шт', 10, 6, 272.00),
(413337, 'конденсатор км-6-1300пф', 'шт', 7, 6, 272.50),
(413339, 'конденсатор км-6-1500пф', 'шт', 9, 6, 273.00),
(413341, 'конденсатор км-6-160пф', 'шт', 4, 6, 273.50),
(413343, 'конденсатор км-6-180пф', 'шт', 8, 6, 274.00),
(413345, 'конденсатор км-6-2000пф', 'шт', 9, 6, 274.50),
(413347, 'конденсатор км-6-200пф', 'шт', 7, 6, 275.00),
(413351, 'конденсатор км-6-240пф', 'шт', 1, 6, 275.50),
(413353, 'конденсатор км-6-300пф', 'шт', 10, 6, 276.00),
(413372, 'транзисторы кт 604', 'шт', 94, 6, 276.50),
(413377, 'конденсатор км-6-6200пф', 'шт', 17, 6, 277.00),
(413381, 'конденсатор км-6-680пф', 'шт', 22, 6, 277.50),
(413393, 'конденс б/к к10-17в-м47-1000пф', 'шт', 36, 6, 278.00),
(413397, 'конденс б/к к10-17в-м1500-0.01м', 'шт', 37, 6, 278.50),
(413398, 'транзистор кт 645 а', 'шт', 53, 6, 279.00),
(413399, 'конденс б/к к10-17в-м47-2400мкф', 'шт', 33, 6, 279.50),
(413404, 'конденс б/к к10-17в-н50-0.022мк', 'шт', 19, 6, 280.00),
(413408, 'конденсатор к10-7-м47-82пф', 'шт', 8, 6, 280.50),
(413419, 'конденсатор к10-7в-0.001мкф', 'шт', 31, 6, 281.00),
(413421, 'конденсатор к10-7в-4.7нф', 'шт', 12, 6, 281.50),
(413423, 'конденсатор к10-7в-50в-0.01мкф', 'шт', 41, 6, 282.00),
(413429, 'конденсатор к10-7в-м47-820пф', 'шт', 34, 6, 282.50),
(413430, 'транзистор кт 814', 'шт', 22, 6, 283.00),
(413435, 'конденсатор к10-7в-н30-2.2нф', 'шт', 27, 6, 283.50),
(413447, 'конденсатор к10-7в-н90-3.3нф', 'шт', 27, 6, 284.00),
(413452, 'транзистор кт 829', 'шт', 13, 6, 284.50),
(413477, 'конденсатор к10-19-м75-5.1пф', 'шт', 34, 6, 285.00),
(413495, 'конденсатор к10-17-18пф', 'шт', 13, 6, 285.50),
(413499, 'конденсатор к10-17-1в-м47-4.7пф', 'шт', 28, 6, 286.00),
(413517, 'конденсатор к10-17-330пф', 'шт', 16, 6, 286.50),
(413560, 'конденсатор к10-17б-1000пф', 'шт', 44, 6, 287.00),
(413565, 'конденсатор к10-17б-470пф', 'шт', 78, 6, 287.50),
(413577, 'конденсатор к10-17б-н50-1500пф', 'шт', 16, 6, 288.00),
(413584, 'транзистор п 213', 'шт', 28, 6, 288.50),
(413586, 'транзистор п 215', 'шт', 27, 6, 289.00),
(413588, 'транзистор п 217г', 'шт', 30, 6, 289.50),
(413600, 'транзистор п 308', 'шт', 18, 6, 290.00),
(413606, 'конденсатор к10-17вн50-6800пфбк', 'шт', 20, 6, 290.50),
(413628, 'конденсатор к25-в3/15пф', 'шт', 27, 6, 291.00),
(413633, 'конденсатор к50-15-50в-100мкф', 'шт', 25, 6, 291.50),
(413829, 'разъем рс-18', 'шт', 27, 6, 292.00),
(413872, 'конденсатор к50-16-6.3в-100мкф 2', 'шт', 39, 6, 292.50),
(413923, 'конденсатор к50-20-16в-100мкф', 'шт', 15, 6, 293.00),
(413929, 'конденсатор к50-20-6.3в-200мкф 2', 'шт', 16, 6, 293.50),
(414025, 'микросхема кр580вм80а', 'шт', 45, 6, 294.00),
(414030, 'микросхема кр580 гф24', 'шт', 69, 6, 294.50),
(414036, 'микросхема к176лп2 2', 'шт', 65, 6, 295.00),
(414042, 'микросхема к1401уд-1', 'шт', 63, 6, 295.50),
(414101, 'микросхема к155ид3', 'шт', 64, 6, 296.00),
(414207, 'микросхема к555кп15', 'шт', 59, 6, 296.50),
(414208, 'микросхемы к155ла1', 'шт', 100, 6, 297.00),
(414214, 'микросхема к155 ла7', 'шт', 61, 6, 297.50),
(414216, 'микросхемы к 155 ла 10', 'шт', 76, 6, 298.00),
(414234, 'микросхема к155 ид4', 'шт', 55, 6, 298.50),
(414240, 'микросхемы к155ие1', 'шт', 77, 6, 299.00),
(414242, 'микросхема кр580вк28', 'шт', 78, 6, 299.50),
(414243, 'микросхема к155 ие4', 'шт', 79, 6, 300.00),
(414257, 'микросхемы к155ие8', 'шт', 59, 6, 300.50),
(414263, 'микросхемы км155ип4', 'шт', 51, 6, 301.00),
(414266, 'микросхемы к155ир1', 'шт', 69, 6, 301.50),
(414275, 'микросхемы к155лн6', 'шт', 60, 6, 302.00),
(414283, 'микросхема к155лп11', 'шт', 61, 6, 302.50),
(414302, 'микросхема к-155тм-2', 'шт', 60, 6, 303.00),
(414308, 'микросхема к155 хл1', 'шт', 80, 6, 303.50),
(414340, 'микросхема к531ир20п', 'шт', 30, 6, 304.00),
(414362, 'микросхема к176ле5', 'шт', 34, 6, 304.50),
(414375, 'микросхема к176ие2', 'шт', 30, 6, 305.00),
(414409, 'микросхема к249 лп1', 'шт', 60, 6, 305.50),
(414472, 'микросхема к511пу1', 'шт', 96, 6, 306.00),
(414476, 'микросхемы к511тв1', 'шт', 58, 6, 306.50),
(414499, 'микросхема кр.531 тм8', 'шт', 46, 6, 307.00),
(414510, 'микросхемы кр531тв9', 'шт', 20, 6, 307.50),
(414532, 'микросхемы к555 ие5', 'шт', 74, 6, 308.00),
(414533, 'микросхемы к555ие6', 'шт', 76, 6, 308.50),
(414544, 'микросхемы к555кп2', 'шт', 41, 6, 309.00),
(414548, 'микросхема к555кп11', 'шт', 61, 6, 309.50),
(414549, 'микросхемы к555кп12', 'шт', 76, 6, 310.00),
(414551, 'микросхемы к555кп14', 'шт', 60, 6, 310.50),
(414561, 'микросхема к555 ла1', 'шт', 57, 6, 311.00),
(414563, 'микросхема к555 ла7', 'шт', 62, 6, 311.50),
(414570, 'микросхемы к555тл2', 'шт', 34, 6, 312.00),
(414574, 'микросхемы к555тм8', 'шт', 73, 6, 312.50),
(414575, 'микросхема к155тм5 1', 'шт', 68, 6, 313.00),
(414576, 'микросхемы к555тм9', 'шт', 73, 6, 313.50),
(414589, 'микросхема кр556рт11', 'шт', 76, 6, 314.00),
(414594, 'микросхемы к561ид1', 'шт', 65, 6, 314.50),
(414595, 'микросхемы к555лаз', 'шт', 76, 6, 315.00),
(414613, 'микросхемы к561лп13', 'шт', 58, 6, 315.50),
(414620, 'микросхемы к561ле10', 'шт', 67, 6, 316.00),
(414622, 'Микросхема к561лн1', 'шт', 63, 6, 316.50),
(414624, 'микросхемы к561 пу4', 'шт', 83, 6, 317.00),
(414632, 'микросхемы к561лс2', 'шт', 58, 6, 317.50),
(414636, 'Микросхема к561тв1', 'шт', 85, 6, 318.00),
(414672, 'микросхемы кр581ик1', 'шт', 58, 6, 318.50),
(414713, 'м/схема кр 580 ир 83', 'шт', 68, 6, 319.00),
(414736, 'микросхемы кр1407уд1', 'шт', 58, 6, 319.50),
(414809, 'микросхема кр1533лн2', 'шт', 66, 6, 320.00),
(414818, 'микросхема кр1533тв15', 'шт', 50, 6, 320.50),
(414874, 'микросхемы кр153заг3', 'шт', 46, 6, 321.00),
(414876, 'микросхемы кр 1533 ир9', 'шт', 78, 6, 321.50),
(414921, 'м/схемы кр531ие17', 'шт', 46, 6, 322.00),
(414944, 'м/схемы кр1533лл1', 'шт', 41, 6, 322.50),
(414961, 'микросхемы кр 1533 ир30', 'шт', 55, 6, 323.00),
(420028, 'рез-р р1-12 р1-12 0.125-1.5к 5%', 'шт', 12, 6, 323.50),
(420029, 'рез-р р1-12 р1-12 0.125-120к 5%', 'шт', 27, 6, 324.00),
(420030, 'рез-р р1-12 р1-12 0.125-1к 5%', 'шт', 30, 6, 324.50),
(420031, 'рез-р р1-12 р1-12 0.125-3.9к 5%', 'шт', 28, 6, 325.00),
(420032, 'рез-р р1-12 р1-12 0.125-39к 5%', 'шт', 30, 6, 325.50),
(420033, 'рез-р р1-12 р1-12 0.125-560 5%', 'шт', 9, 6, 326.00),
(420034, 'рез-р р1-12 р1-12 0.125-62к 5%', 'шт', 29, 6, 326.50),
(420035, 'рез-р р1-12 р1-12 0.125-7.5к 5%', 'шт', 12, 6, 327.00),
(420036, 'рез-р р1-12 р1-12 0.125-8.2к 5%', 'шт', 33, 6, 327.50),
(423046, 'тиристор ку101а', 'шт', 36, 6, 328.00),
(423047, 'тиристор ку101б', 'шт', 31, 6, 328.50),
(423049, 'тиристор ку101е', 'шт', 39, 6, 329.00),
(423175, 'транзистор ктс3103а', 'шт', 35, 6, 329.50),
(423306, 'транзистор кт326б', 'шт', 21, 6, 330.00),
(423307, 'транзистор кт339ам', 'шт', 43, 6, 330.50),
(423309, 'транзистор кт342бм', 'шт', 44, 6, 331.00),
(423311, 'транзистор кт342вм', 'шт', 43, 6, 331.50),
(423314, 'транзистор кт363а', 'шт', 73, 6, 332.00),
(423318, 'транзистор кт501м', 'шт', 76, 6, 332.50),
(423334, 'транзистор кт805а 1', 'шт', 84, 6, 333.00),
(423337, 'транзистор кт805б', 'шт', 50, 6, 333.50),
(423354, 'транзистор кт818а,гм', 'шт', 26, 6, 334.00),
(423355, 'транзистор кт818в', 'шт', 47, 6, 334.50),
(423367, 'транзистор кт835б', 'шт', 52, 6, 335.00),
(423471, 'транзистор кп305и,ж,д,е', 'шт', 30, 6, 335.50),
(423473, 'транзистор кп306а', 'шт', 70, 6, 336.00),
(423474, 'транзистор кп306в', 'шт', 64, 6, 336.50),
(473072, 'транзистор кт315а', 'шт', 71, 6, 337.00),
(473152, 'Резистор С2-33Н-1 M11J', 'шт', 15, 6, 337.50),
(473153, 'Резистор С2-33Н-1 16KJ', 'шт', 15, 6, 338.00),
(473154, 'Резистор С2-33Н-1 5K6J', 'шт', 15, 6, 338.50),
(473155, 'Резистор С2-33Н-1 2K7J', 'шт', 15, 6, 339.00),
(473156, 'Резистор С2-33Н-1 K75J', 'шт', 10, 6, 339.50),
(473157, 'Резистор С2-33Н-1 K68J', 'шт', 15, 6, 340.00),
(473158, 'Резистор С2-33Н-1 K56J', 'шт', 15, 6, 340.50),
(473159, 'Резистор С2-33Н-1 51RJ', 'шт', 15, 6, 341.00),
(473160, 'Резистор С2-33Н-1 K10K', 'шт', 15, 6, 341.50),
(473161, 'Резистор С2-33Н-1 K47J', 'шт', 15, 6, 342.00),
(473162, 'Резистор С2-33Н-1 K47RK', 'шт', 19, 6, 342.50),
(473163, 'Резистор С2-33Н-2 1K5J', 'шт', 15, 6, 343.00),
(473164, 'Резистор С2-33Н-2 1K3.J', 'шт', 15, 6, 343.50),
(473165, 'Резистор С2-33Н-2 1K2J', 'шт', 13, 6, 344.00),
(473166, 'Резистор С2-33Н-2 2K2K', 'шт', 15, 6, 344.50),
(473167, 'Резистор С2-33Н-2 1KOK', 'шт', 18, 6, 345.00),
(473170, 'Резистор с2-33н-0.5 13K', 'шт', 15, 6, 345.50),
(473171, 'Резистор с2-33н-0.5 180K', 'шт', 15, 6, 346.00),
(473172, 'Резистор с2-33н-0.5 M22', 'шт', 15, 6, 346.50),
(473174, 'Резистор с2-33н-0.5 27K', 'шт', 14, 6, 347.00),
(473175, 'Резистор с2-33н-0.5 M24', 'шт', 15, 6, 347.50),
(473176, 'Резистор с2-33н-0.5 20K', 'шт', 16, 6, 348.00),
(473177, 'Резистор с2-33н-0.25 11R', 'шт', 15, 6, 348.50),
(473181, 'Резистор с2-33н-0.25 JOR', 'шт', 15, 6, 349.00),
(473184, 'Резистор с2-33н-0.25 5K1', 'шт', 18, 6, 349.50),
(473304, 'Резистор с2-33н-0.25 7K5', 'шт', 22, 6, 350.00),
(473305, 'Резистор с2-33н-0.25 68K', 'шт', 20, 6, 350.50),
(473409, 'Резистор постоянный млт-0.25 750ом', 'шт', 91, 6, 351.00),
(473449, 'Конденсатор К10-17 3000пФ', 'шт', 46, 6, 351.50),
(474007, 'микросхема км155 ие5', 'шт', 46, 6, 352.00),
(761045, 'стабилизатор 7924ст', 'шт', 79, 6, 352.50),
(761054, 'стабилизатор вzх55с-10', 'шт', 37, 6, 353.00),
(761098, 'тун.диод вzх79 4.7v 0.4w', 'шт', 72, 6, 353.50),
(761101, 'тун.диод вzх79 6.2v 0.4w', 'шт', 47, 6, 354.00),
(761102, 'тун.диод вzх79 12v 0.4w', 'шт', 51, 6, 354.50),
(761123, 'стабилизатор lм317т 1', 'шт', 55, 6, 355.00),
(761136, 'диод 1n5350 2', 'шт', 32, 6, 355.50),
(761193, 'диод sd339', 'шт', 39, 6, 356.00);

-- --------------------------------------------------------

--
-- Структура таблицы `usr`
--

CREATE TABLE IF NOT EXISTS `usr` (
  `id_user` int(11) NOT NULL AUTO_INCREMENT,
  `login` varchar(30) NOT NULL,
  `password` varchar(32) NOT NULL,
  `hash` varchar(32) DEFAULT NULL,
  `ip` varchar(10) DEFAULT NULL,
  `status` varchar(32) NOT NULL DEFAULT 'default',
  `e_mail` tinytext,
  PRIMARY KEY (`id_user`)
) ENGINE=InnoDB  DEFAULT CHARSET=utf8 AUTO_INCREMENT=18 ;

--
-- Дамп данных таблицы `usr`
--

INSERT INTO `usr` (`id_user`, `login`, `password`, `hash`, `ip`, `status`, `e_mail`) VALUES
(3, 'moderator', '18d9e0a893539dbcd172bd7f11a26072', 'e7ca15a160fe29b0b1550592b9e03eb6', '178.170.20', 'moderator', 'alik.al@bk.ru'),
(5, 'manager', '5df48102dd7d01e5c9c686d441c1d752', 'ef6c695301f80c170be37ce2ea3045a9', '95.79.1.10', 'manager', 'swetl.pop2010@yandex.ru'),
(17, 'Nastya', 'aedd9c62aebb5ff45aa51f331f230110', '1458ac84173dff72c036962bae46bd75', '95.37.210.', 'moderator', 'Nastya@Nastya.ru');

-- --------------------------------------------------------

--
-- Структура таблицы `zakaz`
--

CREATE TABLE IF NOT EXISTS `zakaz` (
  `id_zakaz` int(11) NOT NULL AUTO_INCREMENT,
  `id_client` int(11) NOT NULL,
  `tovars` mediumtext CHARACTER SET utf8 NOT NULL,
  `counts` mediumtext CHARACTER SET utf8 NOT NULL,
  `date` timestamp NOT NULL DEFAULT CURRENT_TIMESTAMP,
  `prim` tinytext CHARACTER SET utf8,
  `summ` int(11) DEFAULT NULL,
  `status` char(30) CHARACTER SET utf8 NOT NULL,
  PRIMARY KEY (`id_zakaz`)
) ENGINE=InnoDB  DEFAULT CHARSET=cp1251 AUTO_INCREMENT=42 ;

--
-- Дамп данных таблицы `zakaz`
--

INSERT INTO `zakaz` (`id_zakaz`, `id_client`, `tovars`, `counts`, `date`, `prim`, `summ`, `status`) VALUES
(25, 1, 'a:1:{i:0;s:6:"411652";}', 'a:1:{i:0;s:2:"10";}', '2017-05-29 17:36:06', '', 52, 'Ожидает подтверждения'),
(32, 1, 'a:6:{i:0;s:6:"412944";i:1;s:6:"410087";i:2;s:6:"410123";i:3;s:6:"410124";i:4;s:6:"410204";i:5;s:6:"410209";}', 'a:6:{i:0;s:2:"73";i:1;s:2:"39";i:2;s:2:"37";i:3;s:2:"38";i:4;s:2:"31";i:5;s:2:"98";}', '2017-06-03 09:25:47', '', 20300, 'Ожидает подтверждения'),
(34, 1, 'a:4:{i:0;s:6:"411073";i:1;s:6:"410647";i:2;s:6:"412727";i:3;s:6:"412605";}', 'a:4:{i:0;s:2:"82";i:1;s:2:"12";i:2;s:2:"50";i:3;s:2:"92";}', '2017-06-03 10:00:10', '', 41129, 'Ожидает подтверждения'),
(35, 1, 'a:1:{i:0;s:6:"412945";}', 'a:1:{i:0;s:2:"70";}', '2017-06-03 11:01:34', '', 17885, 'Принят'),
(36, 1, 'a:1:{i:0;s:6:"411659";}', 'a:1:{i:0;s:1:"7";}', '2017-06-03 11:01:56', '', 1110, 'Принят'),
(37, 1, 'a:1:{i:0;s:6:"411659";}', 'a:1:{i:0;s:1:"7";}', '2017-06-03 11:02:11', '', 1110, 'Принят'),
(38, 1, 'a:1:{i:0;s:6:"410231";}', 'a:1:{i:0;s:2:"16";}', '2017-06-03 11:02:55', '', 168, 'Принят'),
(39, 1, 'a:1:{i:0;s:6:"410658";}', 'a:1:{i:0;s:2:"32";}', '2017-06-03 11:03:21', '', 2096, 'Ожидает подтверждения'),
(40, 1, 'a:1:{i:0;s:6:"412609";}', 'a:1:{i:0;s:2:"36";}', '2017-06-03 11:03:40', '', 7542, 'Ожидает подтверждения'),
(41, 1, 'a:1:{i:0;s:6:"410903";}', 'a:1:{i:0;s:2:"41";}', '2017-06-03 11:04:03', '', 4305, 'Ожидает подтверждения');

/*!40101 SET CHARACTER_SET_CLIENT=@OLD_CHARACTER_SET_CLIENT */;
/*!40101 SET CHARACTER_SET_RESULTS=@OLD_CHARACTER_SET_RESULTS */;
/*!40101 SET COLLATION_CONNECTION=@OLD_COLLATION_CONNECTION */;
